10.jpeg, 5, 1, 4, 1
0.jpeg, 5, 1, 1, 1
8.jpg, 1, 1, 1, 1
14.jpg, 5, 1, 1, 1
28.png, 5, 1, 1, 1
29.jpg, 2, 1, 1, 1
15.jpg, 5, 4, 1, 1
17.jpg, 5, 1, 1, 1
16.png, 2, 1, 1, 1
12.jpg, 5, 1, 1, 1
13.jpg, 1, 1, 1, 1
11.jpg, 2, 1, 1, 1
21.jpg, 5, 1, 1, 1
20.jpg, 5, 1, 1, 1
22.jpg, 1, 1, 1, 1
4.jpeg, 4, 1, 1, 1
23.jpg
27.jpg, 5, 1, 1, 1
26.jpg, 5, 1, 1, 1
32.jpg, 1, 1, 1, 1
18.jpg
24.jpg, 5, 1, 1, 1
30.jpg, 1, 1, 1, 1
9.jpeg, 5, 1, 1, 1
31.jpg, 1, 1, 1, 1
19.jpg, 1, 1, 1, 1
5.jpg, 1, 1, 1, 1
6.jpg, 1, 1, 1, 1
25.jpeg, 5, 1, 1, 1
3.jpg, 5, 1, 1, 1
1.jpg, 5, 1, 1, 1
